[
  {
    "member": "Nancy Pelosi",
    "chamber": "House",
    "party": "D",
    "ticker": "NVDA",
    "transaction": "Buy",
    "transaction_date": "2025-08-14",
    "reported_date": "2025-08-20",
    "amount_range": "$500,001 \u2013 $1,000,000",
    "source": "Periodic Transaction Report"
  },
  {
    "member": "Tommy Tuberville",
    "chamber": "Senate",
    "party": "R",
    "ticker": "MSFT",
    "transaction": "Sell",
    "transaction_date": "2025-07-02",
    "reported_date": "2025-07-10",
    "amount_range": "$50,001 \u2013 $100,000",
    "source": "Periodic Transaction Report"
  }
]
